-- phpMyAdmin SQL Dump
-- version 5.0.2
-- https://www.phpmyadmin.net/
--
-- Host: 127.0.0.1
-- Generation Time: Apr 20, 2021 at 11:21 AM
-- Server version: 10.4.11-MariaDB
-- PHP Version: 7.2.31

SET SQL_MODE = "NO_AUTO_VALUE_ON_ZERO";
START TRANSACTION;
SET time_zone = "+00:00";


/*!40101 SET @OLD_CHARACTER_SET_CLIENT=@@CHARACTER_SET_CLIENT */;
/*!40101 SET @OLD_CHARACTER_SET_RESULTS=@@CHARACTER_SET_RESULTS */;
/*!40101 SET @OLD_COLLATION_CONNECTION=@@COLLATION_CONNECTION */;
/*!40101 SET NAMES utf8mb4 */;

--
-- Database: `apotek_dinarmas`
--

-- --------------------------------------------------------

--
-- Table structure for table `dataobat`
--

CREATE TABLE `dataobat` (
  `obat_id` int(11) NOT NULL,
  `kd_obat` varchar(50) NOT NULL,
  `nm_obat` varchar(80) NOT NULL,
  `exp_obat` date NOT NULL,
  `category_id` int(11) NOT NULL,
  `bentuk_id` int(11) NOT NULL,
  `unit_id` int(11) NOT NULL,
  `hrg_obat` int(11) NOT NULL,
  `hrgbeli_obat` int(11) NOT NULL,
  `stk_obat` int(11) NOT NULL DEFAULT 0,
  `minstk_obat` int(11) NOT NULL
) ENGINE=InnoDB DEFAULT CHARSET=utf8mb4;

--
-- Dumping data for table `dataobat`
--

INSERT INTO `dataobat` (`obat_id`, `kd_obat`, `nm_obat`, `exp_obat`, `category_id`, `bentuk_id`, `unit_id`, `hrg_obat`, `hrgbeli_obat`, `stk_obat`, `minstk_obat`) VALUES
(10, 'VitC-500G', 'Vitamin C 2 Biji (500 Gram)', '0000-00-00', 4, 1, 2, 3000, 2500, 4, 60),
(11, 'AlBC10ML', 'ALBOTHYL Concent 10ML', '0000-00-00', 3, 3, 7, 4680, 3900, 35, 100),
(12, 'GPU60ML', 'GPU Minyak Urut 60ML', '0000-00-00', 3, 5, 7, 15360, 12800, 30, 3),
(13, 'ALKHL70ML', 'Alkohol 700 ML', '0000-00-00', 3, 5, 7, 5760, 4800, 40, 5),
(14, 'CMDN200MG', 'Cimetidene 200 MG', '0000-00-00', 4, 1, 1, 336, 280, 90, 10);

-- --------------------------------------------------------

--
-- Table structure for table `m_bentuk`
--

CREATE TABLE `m_bentuk` (
  `bentuk_id` int(11) NOT NULL,
  `name` varchar(50) NOT NULL,
  `created` datetime NOT NULL DEFAULT current_timestamp(),
  `updated` datetime DEFAULT NULL
) ENGINE=InnoDB DEFAULT CHARSET=utf8mb4;

--
-- Dumping data for table `m_bentuk`
--

INSERT INTO `m_bentuk` (`bentuk_id`, `name`, `created`, `updated`) VALUES
(1, 'Tablet', '2021-01-21 22:46:50', NULL),
(2, 'Kaplet', '0000-00-00 00:00:00', NULL),
(3, 'Kapsul', '0000-00-00 00:00:00', NULL),
(4, 'Sirup', '0000-00-00 00:00:00', NULL),
(5, 'Cair', '0000-00-00 00:00:00', NULL),
(6, 'Cairan Infus', '0000-00-00 00:00:00', NULL),
(7, 'Salep', '0000-00-00 00:00:00', NULL),
(8, 'Gel', '0000-00-00 00:00:00', NULL),
(9, 'Inhaler', '0000-00-00 00:00:00', NULL),
(10, 'Batang', '0000-00-00 00:00:00', NULL);

-- --------------------------------------------------------

--
-- Table structure for table `m_category`
--

CREATE TABLE `m_category` (
  `category_id` int(11) NOT NULL,
  `name` varchar(100) NOT NULL,
  `created` datetime NOT NULL DEFAULT current_timestamp(),
  `updated` datetime DEFAULT NULL
) ENGINE=InnoDB DEFAULT CHARSET=utf8mb4;

--
-- Dumping data for table `m_category`
--

INSERT INTO `m_category` (`category_id`, `name`, `created`, `updated`) VALUES
(2, 'Paten', '2020-12-10 10:14:39', '2021-01-18 04:20:26'),
(3, 'HV', '2020-12-10 10:14:48', '2021-01-18 04:20:19'),
(4, 'Generik', '2021-01-18 10:21:35', '2021-04-14 08:32:56');

-- --------------------------------------------------------

--
-- Table structure for table `m_unit`
--

CREATE TABLE `m_unit` (
  `unit_id` int(11) NOT NULL,
  `name` varchar(50) NOT NULL,
  `created` datetime NOT NULL DEFAULT current_timestamp(),
  `updated` datetime DEFAULT NULL
) ENGINE=InnoDB DEFAULT CHARSET=utf8mb4;

--
-- Dumping data for table `m_unit`
--

INSERT INTO `m_unit` (`unit_id`, `name`, `created`, `updated`) VALUES
(1, 'Tablet', '2020-12-10 21:36:58', '2021-01-21 16:47:27'),
(2, 'Strip', '2020-12-10 21:37:10', NULL),
(3, 'Sachet', '2020-12-10 21:37:22', NULL),
(4, 'Pcs', '2020-12-10 21:37:29', NULL),
(5, 'Pak', '2020-12-10 21:37:40', NULL),
(6, 'Tube', '2020-12-10 21:37:47', NULL),
(7, 'Botol', '2020-12-10 21:37:59', NULL),
(8, 'Batang', '2020-12-10 21:38:07', NULL);

-- --------------------------------------------------------

--
-- Table structure for table `peramalan`
--

CREATE TABLE `peramalan` (
  `id_peramalan` int(11) NOT NULL,
  `kd_obat` varchar(50) NOT NULL,
  `data_ramal` varchar(50) NOT NULL,
  `bulan_tahun` varchar(20) NOT NULL,
  `tanggal` varchar(50) NOT NULL,
  `user_id` int(11) NOT NULL
) ENGINE=InnoDB DEFAULT CHARSET=utf8mb4;

--
-- Dumping data for table `peramalan`
--

INSERT INTO `peramalan` (`id_peramalan`, `kd_obat`, `data_ramal`, `bulan_tahun`, `tanggal`, `user_id`) VALUES
(4, 'VitC-500G', '163', 'May 2021', '2021-04-05', 0),
(5, 'VitC-500G', '160', 'May 2021', '2021-04-18', 1);

-- --------------------------------------------------------

--
-- Table structure for table `stokexpobat`
--

CREATE TABLE `stokexpobat` (
  `no_stok` int(11) NOT NULL,
  `kd_obat` varchar(20) NOT NULL,
  `tgl_exp` date NOT NULL,
  `stok` int(11) NOT NULL
) ENGINE=InnoDB DEFAULT CHARSET=utf8mb4;

--
-- Dumping data for table `stokexpobat`
--

INSERT INTO `stokexpobat` (`no_stok`, `kd_obat`, `tgl_exp`, `stok`) VALUES
(16, 'VitC-', '2019-06-13', 80),
(17, 'VitC-500G', '2021-04-07', 0),
(18, 'VitC-500G', '2019-07-27', 0),
(19, 'AlBC10ML', '2019-06-14', 0),
(20, 'GPU60ML', '2021-04-02', 0),
(21, 'ALKHL70ML', '2019-05-02', 0),
(22, 'CMDN200MG', '2019-05-02', 0),
(23, 'CMDN200MG', '2019-07-26', 0),
(24, 'AlBC10ML', '2019-07-26', 0),
(25, 'GPU60ML', '2019-07-26', 0),
(26, 'VitC-500G', '2019-08-30', 0),
(27, 'AlBC10ML', '2019-08-30', 0),
(28, 'ALKHL70ML', '2019-08-31', 0),
(29, 'CMDN200MG', '2019-08-31', 0),
(30, 'GPU60ML', '2019-08-31', 0),
(31, 'VitC-500G', '2019-10-29', 0),
(32, 'AlBC10ML', '2019-10-29', 0),
(33, 'CMDN200MG', '2019-10-29', 0),
(34, 'GPU60ML', '2019-08-02', 0),
(35, 'VitC-500G', '2019-10-31', 0),
(36, 'GPU60ML', '2019-10-31', 0),
(37, 'CMDN200MG', '2019-10-31', 0),
(38, 'AlBC10ML', '2019-10-31', 0),
(39, 'VitC-500G', '2019-11-22', 0),
(40, 'AlBC10ML', '2019-10-02', 0),
(41, 'ALKHL70ML', '2019-10-02', 0),
(42, 'CMDN200MG', '2019-10-12', 0),
(43, 'GPU60ML', '2020-01-24', 0),
(44, 'VitC-500G', '2020-01-31', 0),
(45, 'AlBC10ML', '2020-01-31', 0),
(46, 'CMDN200MG', '2020-02-21', 0),
(47, 'GPU60ML', '2020-01-31', 0),
(48, 'VitC-500G', '2020-01-25', 0),
(49, 'VitC-500G', '2020-04-30', 0),
(50, 'VitC-500G', '2020-11-28', 0),
(51, 'VitC-500G', '2021-02-26', 0),
(52, 'VitC-500G', '2021-02-19', 0),
(53, 'VitC-500G', '2021-06-30', 0),
(54, 'AlBC10ML', '2021-06-30', 35),
(55, 'ALKHL70ML', '2021-07-22', 40),
(56, 'CMDN200MG', '2021-07-24', 90),
(57, 'GPU60ML', '2022-02-26', 13),
(58, 'VitC-500G', '2021-07-23', 0),
(59, 'GPU60ML', '2021-06-26', 1),
(60, 'GPU60ML', '2021-06-17', 1),
(61, 'GPU60ML', '2021-04-24', 1),
(62, 'GPU60ML', '2021-04-17', 12),
(63, 'GPU60ML', '2021-04-16', 1),
(64, 'GPU60ML', '2021-04-30', 1),
(65, 'VitC-500G', '2021-06-19', 0),
(66, 'VitC-500G', '2021-08-27', 0),
(67, 'VitC-500G', '2021-07-15', 4);

-- --------------------------------------------------------

--
-- Table structure for table `supplier`
--

CREATE TABLE `supplier` (
  `supplier_id` int(11) NOT NULL,
  `name` varchar(50) NOT NULL,
  `alamat` text NOT NULL,
  `email` varchar(50) NOT NULL,
  `phone` varchar(50) NOT NULL,
  `deskripsi` text DEFAULT NULL,
  `created` datetime NOT NULL DEFAULT current_timestamp(),
  `update` datetime DEFAULT NULL
) ENGINE=InnoDB DEFAULT CHARSET=utf8mb4;

--
-- Dumping data for table `supplier`
--

INSERT INTO `supplier` (`supplier_id`, `name`, `alamat`, `email`, `phone`, `deskripsi`, `created`, `update`) VALUES
(1, 'PT. Bima Sakti Medica', 'Komplek Pergudangan SKY PARK BLOK B I No. 1 Jl Alang - Alang Lebar - Palembang - Sumsel ', 'ptbimasaktimedica@gmail.com', '085280138388', 'Obat-Obat', '2020-12-10 22:44:24', '2021-02-01 18:14:48');

-- --------------------------------------------------------

--
-- Table structure for table `tbl_pembelian`
--

CREATE TABLE `tbl_pembelian` (
  `no_faktur` varchar(20) NOT NULL,
  `supplier_id` varchar(2) NOT NULL,
  `tgl_pembelian` date NOT NULL,
  `cr_bayar` varchar(15) NOT NULL,
  `jth_tempo` date NOT NULL,
  `total_pembelian` int(11) NOT NULL,
  `status_byr` varchar(12) NOT NULL,
  `tgl_lunas` date NOT NULL,
  `user_id` varchar(11) NOT NULL
) ENGINE=InnoDB DEFAULT CHARSET=utf8mb4;

--
-- Dumping data for table `tbl_pembelian`
--

INSERT INTO `tbl_pembelian` (`no_faktur`, `supplier_id`, `tgl_pembelian`, `cr_bayar`, `jth_tempo`, `total_pembelian`, `status_byr`, `tgl_lunas`, `user_id`) VALUES
('f43fgdgd', '1', '2021-04-20', 'Langsung', '0000-00-00', 125000, 'Lunas', '2021-04-20', '1'),
('fhghfgh', '1', '2021-04-20', 'Langsung', '0000-00-00', 10000, 'Lunas', '2021-04-20', '1'),
('hfhfghfh', '1', '2021-05-20', 'Langsung', '0000-00-00', 400000, 'Lunas', '2021-05-20', '1');

-- --------------------------------------------------------

--
-- Table structure for table `tbl_pembeliandetail`
--

CREATE TABLE `tbl_pembeliandetail` (
  `no_id` int(11) NOT NULL,
  `no_faktur` varchar(20) NOT NULL,
  `kd_obat` varchar(15) NOT NULL,
  `exp_obatbeli` date NOT NULL,
  `hrg_beli` int(11) NOT NULL,
  `jml_beli` int(11) NOT NULL,
  `sat_beli` varchar(11) NOT NULL,
  `subtotal` int(11) NOT NULL
) ENGINE=InnoDB DEFAULT CHARSET=utf8mb4;

--
-- Dumping data for table `tbl_pembeliandetail`
--

INSERT INTO `tbl_pembeliandetail` (`no_id`, `no_faktur`, `kd_obat`, `exp_obatbeli`, `hrg_beli`, `jml_beli`, `sat_beli`, `subtotal`) VALUES
(54, 'fhghfgh', 'VitC-500G', '2021-06-19', 2500, 4, 'Strip', 10000),
(55, 'hfhfghfh', 'VitC-500G', '2021-08-27', 2500, 160, 'Strip', 400000),
(56, 'f43fgdgd', 'VitC-500G', '2021-07-15', 2500, 50, 'Strip', 125000);

-- --------------------------------------------------------

--
-- Table structure for table `tbl_penjualan`
--

CREATE TABLE `tbl_penjualan` (
  `no_penjualan` varchar(16) NOT NULL,
  `tgl_penjualan` date NOT NULL,
  `total_penjualan` int(11) NOT NULL,
  `tunai` int(11) NOT NULL,
  `kembali` int(11) NOT NULL,
  `user_id` int(11) NOT NULL
) ENGINE=InnoDB DEFAULT CHARSET=utf8mb4;

--
-- Dumping data for table `tbl_penjualan`
--

INSERT INTO `tbl_penjualan` (`no_penjualan`, `tgl_penjualan`, `total_penjualan`, `tunai`, `kembali`, `user_id`) VALUES
('PJL/20190501/02', '2019-05-01', 25200, 27000, 1800, 2),
('PJL/20190501/03', '2019-05-01', 193800, 200000, 6200, 1),
('PJL/20190501/04', '2019-05-01', 387600, 400000, 12400, 1),
('PJL/20190501/05', '2019-05-01', 193800, 200000, 6200, 1),
('PJL/20190502/01', '2019-05-02', 7560, 10000, 2440, 1),
('PJL/20190502/02', '2019-05-02', 17640, 20000, 2360, 2),
('PJL/20190506/01', '2019-05-06', 25200, 27000, 1800, 2),
('PJL/20190506/02', '2019-05-06', 15000, 15000, 0, 1),
('PJL/20190506/03', '2019-05-06', 45000, 50000, 5000, 1),
('PJL/20190604/01', '2019-06-04', 45000, 50000, 5000, 1),
('PJL/20190606/01', '2019-06-06', 106800, 110000, 3200, 1),
('PJL/20190606/02', '2019-06-06', 23400, 24400, 1000, 1),
('PJL/20190606/03', '2019-06-06', 108600, 110000, 1400, 1),
('PJL/20190608/01', '2019-06-08', 15000, 15000, 0, 1),
('PJL/20190608/02', '2019-06-08', 117000, 120000, 3000, 1),
('PJL/20190608/03', '2019-06-08', 76800, 80000, 3200, 1),
('PJL/20190608/04', '2019-06-08', 310560, 310560, 0, 1),
('PJL/20190613/01', '2019-06-13', 125280, 130000, 4720, 1),
('PJL/20190613/02', '2019-06-13', 9000, 10000, 1000, 1),
('PJL/20190613/03', '2019-06-13', 21000, 22000, 1000, 1),
('PJL/20190613/04', '2019-06-13', 76800, 80000, 3200, 1),
('PJL/20190613/05', '2019-06-13', 5040, 6000, 960, 1),
('PJL/20190613/06', '2019-06-13', 384000, 400000, 16000, 1),
('PJL/20190619/01', '2019-06-19', 20712, 22000, 1288, 1),
('PJL/20190619/02', '2019-06-19', 2688, 3000, 312, 1),
('PJL/20190619/03', '2019-06-19', 24000, 25000, 1000, 1),
('PJL/20190619/04', '2019-06-19', 3360, 3360, 0, 1),
('PJL/20190619/05', '2019-06-19', 32760, 33700, 940, 1),
('PJL/20190701/01', '2019-07-01', 18000, 20000, 2000, 1),
('PJL/20190701/02', '2019-07-01', 24000, 25000, 1000, 1),
('PJL/20190701/03', '2019-07-01', 40320, 50000, 9680, 1),
('PJL/20190701/04', '2019-07-01', 53400, 60000, 6600, 1),
('PJL/20190701/05', '2019-07-01', 43800, 50000, 6200, 1),
('PJL/20190701/06', '2019-07-01', 15000, 15000, 0, 1),
('PJL/20190704/01', '2019-07-04', 111600, 120000, 8400, 1),
('PJL/20190704/02', '2019-07-04', 24000, 35000, 11000, 1),
('PJL/20190704/03', '2019-07-04', 9000, 10000, 1000, 1),
('PJL/20190704/04', '2019-07-04', 21000, 22000, 1000, 1),
('PJL/20190707/01', '2019-07-07', 247440, 250000, 2560, 1),
('PJL/20190707/02', '2019-07-07', 18000, 20000, 2000, 1),
('PJL/20190717/01', '2019-07-17', 174000, 180000, 6000, 1),
('PJL/20190717/02', '2019-07-17', 307200, 310000, 2800, 1),
('PJL/20190717/03', '2019-07-17', 10080, 15000, 4920, 1),
('PJL/20190717/04', '2019-07-17', 15000, 15000, 0, 1),
('PJL/20190717/05', '2019-07-17', 58800, 60000, 1200, 1),
('PJL/20190724/01', '2019-07-24', 70200, 72000, 1800, 1),
('PJL/20190724/02', '2019-07-24', 15000, 15000, 0, 1),
('PJL/20190724/03', '2019-07-24', 261360, 265000, 3640, 1),
('PJL/20190727/01', '2019-07-27', 291360, 300000, 8640, 1),
('PJL/20190801/01', '2019-08-01', 25680, 30000, 4320, 4),
('PJL/20190801/02', '2019-08-01', 30000, 30000, 0, 4),
('PJL/20190801/03', '2019-08-01', 60000, 60000, 0, 4),
('PJL/20190801/04', '2019-08-01', 45000, 50000, 5000, 4),
('PJL/20190801/05', '2019-08-01', 62160, 65000, 2840, 4),
('PJL/20190807/01', '2019-08-07', 90000, 100000, 10000, 4),
('PJL/20190807/02', '2019-08-07', 60000, 60000, 0, 4),
('PJL/20190818/01', '2019-08-18', 70200, 75000, 4800, 4),
('PJL/20190818/02', '2019-08-18', 15000, 15000, 0, 4),
('PJL/20190818/03', '2019-08-18', 15000, 15000, 0, 4),
('PJL/20190818/04', '2019-08-18', 5040, 6000, 960, 4),
('PJL/20190825/01', '2019-08-25', 30000, 30000, 0, 4),
('PJL/20190825/02', '2019-08-25', 33480, 35000, 1520, 4),
('PJL/20190825/03', '2019-08-25', 67152, 70000, 2848, 4),
('PJL/20190825/04', '2019-08-25', 61488, 65000, 3512, 4),
('PJL/20190902/01', '2019-09-02', 15000, 15000, 0, 1),
('PJL/20190902/02', '2019-09-02', 60120, 62000, 1880, 1),
('PJL/20190902/03', '2019-09-02', 39720, 40000, 280, 1),
('PJL/20190902/04', '2019-09-02', 21000, 21000, 0, 1),
('PJL/20190904/01', '2019-09-04', 12360, 15000, 2640, 1),
('PJL/20190904/02', '2019-09-04', 21000, 30000, 9000, 1),
('PJL/20190904/03', '2019-09-04', 23400, 25000, 1600, 1),
('PJL/20190904/04', '2019-09-04', 30000, 30000, 0, 1),
('PJL/20190906/01', '2019-09-06', 137880, 150000, 12120, 1),
('PJL/20190906/02', '2019-09-06', 45000, 50000, 5000, 1),
('PJL/20190906/03', '2019-09-06', 9360, 10000, 640, 1),
('PJL/20190911/01', '2019-09-11', 60000, 60000, 0, 1),
('PJL/20190915/01', '2019-09-15', 51720, 55000, 3280, 1),
('PJL/20190915/02', '2019-09-15', 9000, 10000, 1000, 1),
('PJL/20190915/03', '2019-09-15', 15000, 15000, 0, 1),
('PJL/20190917/01', '2019-09-17', 15000, 15000, 0, 1),
('PJL/20190917/02', '2019-09-17', 39720, 40000, 280, 1),
('PJL/20190917/03', '2019-09-17', 6000, 6000, 0, 1),
('PJL/20190917/04', '2019-09-17', 15000, 20000, 5000, 1),
('PJL/20190922/01', '2019-09-22', 15000, 15000, 0, 1),
('PJL/20190926/01', '2019-09-26', 15000, 15000, 0, 1),
('PJL/20190926/02', '2019-09-26', 37440, 40000, 2560, 1),
('PJL/20190926/03', '2019-09-26', 76800, 80000, 3200, 1),
('PJL/20190926/04', '2019-09-26', 30360, 35000, 4640, 1),
('PJL/20190929/01', '2019-09-29', 91800, 100000, 8200, 1),
('PJL/20190929/02', '2019-09-29', 140400, 150000, 9600, 1),
('PJL/20190929/03', '2019-09-29', 76800, 80000, 3200, 1),
('PJL/20190929/04', '2019-09-29', 307200, 350000, 42800, 1),
('PJL/20190929/05', '2019-09-29', 6720, 7000, 280, 1),
('PJL/20191002/01', '2019-10-02', 21000, 21000, 0, 1),
('PJL/20191002/02', '2019-10-02', 30000, 30000, 0, 1),
('PJL/20191002/03', '2019-10-02', 15000, 15000, 0, 1),
('PJL/20191002/04', '2019-10-02', 168600, 170000, 1400, 1),
('PJL/20191002/05', '2019-10-02', 33000, 35000, 2000, 1),
('PJL/20191009/01', '2019-10-09', 27000, 30000, 3000, 1),
('PJL/20191019/01', '2019-10-19', 30000, 30000, 0, 1),
('PJL/20191102/01', '2019-11-02', 24360, 25000, 640, 4),
('PJL/20191102/02', '2019-11-02', 15000, 20000, 5000, 4),
('PJL/20191102/03', '2019-11-02', 105000, 105000, 0, 4),
('PJL/20191102/04', '2019-11-02', 138240, 140000, 1760, 4),
('PJL/20191126/01', '2019-11-26', 30000, 30000, 0, 4),
('PJL/20191126/02', '2019-11-26', 78000, 80000, 2000, 4),
('PJL/20191126/03', '2019-11-26', 45000, 50000, 5000, 4),
('PJL/20191126/04', '2019-11-26', 15000, 15000, 0, 4),
('PJL/20191126/05', '2019-11-26', 60000, 60000, 0, 4),
('PJL/20191126/06', '2019-11-26', 60000, 70000, 10000, 4),
('PJL/20191202/01', '2019-12-02', 90000, 100000, 10000, 4),
('PJL/20191202/02', '2019-12-02', 135000, 140000, 5000, 4),
('PJL/20191202/03', '2019-12-02', 195000, 200000, 5000, 4),
('PJL/20191202/04', '2019-12-02', 234000, 250000, 16000, 4),
('PJL/20191202/05', '2019-12-02', 100800, 110000, 9200, 4),
('PJL/20191202/06', '2019-12-02', 230400, 240000, 9600, 4),
('PJL/20200102/01', '2020-01-02', 360000, 400000, 40000, 4),
('PJL/20200206/01', '2020-02-06', 291000, 300000, 9000, 4),
('PJL/20200313/01', '2020-03-13', 249000, 250000, 1000, 4),
('PJL/20200410/01', '2020-04-10', 390000, 400000, 10000, 4),
('PJL/20200512/01', '2020-05-12', 516000, 520000, 4000, 4),
('PJL/20200614/01', '2020-06-14', 339000, 400000, 61000, 4),
('PJL/20200714/01', '2020-07-14', 477000, 500000, 23000, 4),
('PJL/20200814/01', '2020-08-14', 477000, 500000, 23000, 4),
('PJL/20200914/01', '2020-09-14', 336000, 400000, 64000, 4),
('PJL/20200914/02', '2020-09-14', 141000, 150000, 9000, 4),
('PJL/20201015/01', '2020-10-15', 414000, 500000, 86000, 4),
('PJL/20201117/01', '2020-11-17', 450000, 550000, 100000, 4),
('PJL/20201217/01', '2020-12-17', 402000, 410000, 8000, 4),
('PJL/20210109/01', '2021-01-09', 93000, 100000, 7000, 4),
('PJL/20210109/02', '2021-01-09', 24000, 25000, 1000, 4),
('PJL/20210109/03', '2021-01-09', 18000, 20000, 2000, 4),
('PJL/20210109/04', '2021-01-09', 45000, 50000, 5000, 4),
('PJL/20210119/01', '2021-01-19', 30000, 30000, 0, 4),
('PJL/20210119/02', '2021-01-19', 30000, 30000, 0, 4),
('PJL/20210119/03', '2021-01-19', 90000, 100000, 10000, 4),
('PJL/20210119/04', '2021-01-19', 267960, 300000, 32040, 4),
('PJL/20210219/01', '2021-02-19', 69360, 70000, 640, 4),
('PJL/20210219/02', '2021-02-19', 150000, 150000, 0, 4),
('PJL/20210219/03', '2021-02-19', 300000, 300000, 0, 4),
('PJL/20210319/01', '2021-03-19', 402000, 500000, 98000, 4),
('PJL/20210404/01', '2021-04-04', 237000, 300000, 63000, 4),
('PJL/20210404/02', '2021-04-04', 264000, 300000, 36000, 4),
('PJL/20210405/01', '2021-04-05', 15360, 16000, 640, 4);

-- --------------------------------------------------------

--
-- Table structure for table `tbl_penjualandetail`
--

CREATE TABLE `tbl_penjualandetail` (
  `no` int(11) NOT NULL,
  `no_penjualan` varchar(16) NOT NULL,
  `kd_obat` varchar(15) NOT NULL,
  `expired` int(20) NOT NULL,
  `hrg_jual` int(11) NOT NULL,
  `jml_jual` int(11) NOT NULL,
  `sat_jual` varchar(11) DEFAULT NULL,
  `subtotal` int(11) NOT NULL,
  `bulantahun_pembelian` date NOT NULL
) ENGINE=InnoDB DEFAULT CHARSET=utf8mb4;

--
-- Dumping data for table `tbl_penjualandetail`
--

INSERT INTO `tbl_penjualandetail` (`no`, `no_penjualan`, `kd_obat`, `expired`, `hrg_jual`, `jml_jual`, `sat_jual`, `subtotal`, `bulantahun_pembelian`) VALUES
(53, 'PJL/20190501/01', 'VitC-500G', 2021, 2520, 5, 'Strip', 12600, '2019-05-01'),
(54, 'PJL/20190501/02', 'VitC-500G', 2021, 2520, 10, 'Strip', 25200, '2019-05-01'),
(55, 'PJL/20190502/01', 'VitC-500G', 2021, 2520, 3, 'Strip', 7560, '2019-05-02'),
(56, 'PJL/20190502/02', 'VitC-500G', 2021, 2520, 7, 'Strip', 17640, '2019-05-02'),
(57, 'PJL/20190506/01', 'VitC-500G', 2021, 2520, 10, 'Strip', 25200, '2019-05-06'),
(58, 'PJL/20190506/02', 'VitC-500G', 2021, 3000, 5, 'Strip', 15000, '2019-05-06'),
(59, 'PJL/20190506/03', 'VitC-500G', 2021, 3000, 15, 'Strip', 45000, '2019-05-06'),
(60, 'PJL/20190604/01', 'VitC-500G', 2019, 3000, 15, 'Strip', 45000, '2019-06-04'),
(61, 'PJL/20190501/03', 'GPU60ML', 2021, 15360, 5, 'Botol', 76800, '2019-05-01'),
(62, 'PJL/20190501/03', 'AlBC10ML', 2019, 4680, 25, 'Botol', 117000, '2019-05-01'),
(63, 'PJL/20190501/04', 'AlBC10ML', 2019, 4680, 50, 'Botol', 234000, '2019-05-01'),
(64, 'PJL/20190501/04', 'GPU60ML', 2021, 15360, 10, 'Botol', 153600, '2019-05-01'),
(65, 'PJL/20190501/05', 'AlBC10ML', 2019, 4680, 25, 'Botol', 117000, '2019-05-01'),
(66, 'PJL/20190501/05', 'GPU60ML', 2021, 15360, 5, 'Botol', 76800, '2019-05-01'),
(67, 'PJL/20190606/01', 'VitC-500G', 2019, 3000, 10, 'Strip', 30000, '2019-06-06'),
(68, 'PJL/20190606/01', 'GPU60ML', 2019, 15360, 5, 'Botol', 76800, '2019-06-06'),
(69, 'PJL/20190606/02', 'AlBC10ML', 2019, 4680, 5, 'Botol', 23400, '2019-06-06'),
(70, 'PJL/20190606/03', 'VitC-500G', 2019, 3000, 5, 'Strip', 15000, '2019-06-06'),
(71, 'PJL/20190606/03', 'AlBC10ML', 2019, 4680, 20, 'Botol', 93600, '2019-06-06'),
(72, 'PJL/20190608/01', 'VitC-500G', 2019, 3000, 5, 'Strip', 15000, '2019-06-08'),
(73, 'PJL/20190608/02', 'AlBC10ML', 2019, 4680, 25, 'Botol', 117000, '2019-06-08'),
(74, 'PJL/20190608/03', 'VitC-500G', 2019, 3000, 10, 'Strip', 30000, '2019-06-08'),
(75, 'PJL/20190608/03', 'AlBC10ML', 2019, 4680, 10, 'Botol', 46800, '2019-06-08'),
(76, 'PJL/20190608/04', 'VitC-500G', 2019, 3000, 10, 'Strip', 30000, '2019-06-08'),
(77, 'PJL/20190608/04', 'AlBC10ML', 2019, 4680, 10, 'Botol', 46800, '2019-06-08'),
(78, 'PJL/20190608/04', 'CMDN200MG', 2019, 336, 10, 'Tablet', 3360, '2019-06-08'),
(79, 'PJL/20190608/04', 'GPU60ML', 2019, 15360, 15, 'Botol', 230400, '2019-06-08'),
(80, 'PJL/20190613/01', 'AlBC10ML', 2019, 4680, 10, 'Botol', 46800, '2019-06-13'),
(81, 'PJL/20190613/01', 'CMDN200MG', 2019, 336, 5, 'Tablet', 1680, '2019-06-13'),
(82, 'PJL/20190613/01', 'GPU60ML', 2019, 15360, 5, 'Botol', 76800, '2019-06-13'),
(83, 'PJL/20190613/02', 'VitC-500G', 2019, 3000, 3, 'Strip', 9000, '2019-06-13'),
(84, 'PJL/20190613/03', 'VitC-500G', 2019, 3000, 7, 'Strip', 21000, '2019-06-13'),
(85, 'PJL/20190613/04', 'AlBC10ML', 2019, 4680, 10, 'Botol', 46800, '2019-06-13'),
(86, 'PJL/20190613/04', 'VitC-500G', 2019, 3000, 10, 'Strip', 30000, '2019-06-13'),
(87, 'PJL/20190613/05', 'CMDN200MG', 2019, 336, 15, 'Tablet', 5040, '2019-06-13'),
(88, 'PJL/20190613/06', 'GPU60ML', 2019, 15360, 25, 'Botol', 384000, '2019-06-13'),
(89, 'PJL/20190619/01', 'CMDN200MG', 2019, 336, 2, 'Tablet', 672, '2019-06-19'),
(90, 'PJL/20190619/01', 'VitC-500G', 2019, 3000, 2, 'Strip', 6000, '2019-06-19'),
(91, 'PJL/20190619/01', 'AlBC10ML', 2019, 4680, 3, 'Botol', 14040, '2019-06-19'),
(92, 'PJL/20190619/02', 'CMDN200MG', 2019, 336, 8, 'Tablet', 2688, '2019-06-19'),
(93, 'PJL/20190619/03', 'VitC-500G', 2019, 3000, 8, 'Strip', 24000, '2019-06-19'),
(94, 'PJL/20190619/04', 'CMDN200MG', 2019, 336, 10, 'Tablet', 3360, '2019-06-19'),
(95, 'PJL/20190619/05', 'AlBC10ML', 2019, 4680, 7, 'Botol', 32760, '2019-06-19'),
(96, 'PJL/20190701/01', 'VitC-500G', 2019, 3000, 6, 'Strip', 18000, '2019-07-01'),
(97, 'PJL/20190701/02', 'CMDN200MG', 2019, 336, 20, 'Tablet', 6720, '2019-07-01'),
(98, 'PJL/20190701/02', 'ALKHL70ML', 2019, 5760, 3, 'Botol', 17280, '2019-07-01'),
(99, 'PJL/20190701/03', 'ALKHL70ML', 2019, 5760, 7, 'Botol', 40320, '2019-07-01'),
(100, 'PJL/20190701/04', 'VitC-500G', 2019, 3000, 10, 'Strip', 30000, '2019-07-01'),
(101, 'PJL/20190701/04', 'AlBC10ML', 2019, 4680, 5, 'Botol', 23400, '2019-07-01'),
(102, 'PJL/20190701/05', 'VitC-500G', 2019, 3000, 5, 'Strip', 15000, '2019-07-01'),
(103, 'PJL/20190701/05', 'ALKHL70ML', 2019, 5760, 5, 'Botol', 28800, '2019-07-01'),
(104, 'PJL/20190701/06', 'VitC-500G', 2019, 3000, 5, 'Strip', 15000, '2019-07-04'),
(105, 'PJL/20190704/01', 'VitC-500G', 2019, 3000, 2, 'Strip', 6000, '2019-07-04'),
(106, 'PJL/20190704/01', 'GPU60ML', 2019, 15360, 5, 'Botol', 76800, '2019-07-04'),
(107, 'PJL/20190704/01', 'ALKHL70ML', 2019, 5760, 5, 'Botol', 28800, '2019-07-04'),
(108, 'PJL/20190704/02', 'VitC-500G', 2019, 3000, 8, 'Strip', 24000, '2019-07-04'),
(109, 'PJL/20190704/03', 'VitC-500G', 2019, 3000, 3, 'Strip', 9000, '2019-07-04'),
(110, 'PJL/20190704/04', 'VitC-500G', 2019, 3000, 7, 'Strip', 21000, '2019-07-04'),
(111, 'PJL/20190707/01', 'VitC-500G', 2019, 3000, 4, 'Strip', 12000, '2019-07-07'),
(112, 'PJL/20190707/01', 'CMDN200MG', 2019, 336, 15, 'Tablet', 5040, '2019-07-07'),
(113, 'PJL/20190707/01', 'GPU60ML', 2019, 15360, 15, 'Botol', 230400, '2019-07-07'),
(114, 'PJL/20190707/02', 'VitC-500G', 2019, 3000, 6, 'Strip', 18000, '2019-07-07'),
(115, 'PJL/20190717/01', 'VitC-500G', 2019, 3000, 10, 'Strip', 30000, '2019-07-17'),
(116, 'PJL/20190717/01', 'ALKHL70ML', 2019, 5760, 25, 'Botol', 144000, '2019-07-17'),
(117, 'PJL/20190717/02', 'GPU60ML', 2019, 15360, 20, 'Botol', 307200, '2019-07-17'),
(118, 'PJL/20190717/03', 'CMDN200MG', 2019, 336, 30, 'Tablet', 10080, '2019-07-17'),
(119, 'PJL/20190717/04', 'VitC-500G', 2019, 3000, 5, 'Strip', 15000, '2019-07-17'),
(120, 'PJL/20190717/05', 'ALKHL70ML', 2019, 5760, 5, 'Botol', 28800, '2019-07-24'),
(121, 'PJL/20190717/05', 'VitC-500G', 2019, 3000, 10, 'Strip', 30000, '2019-07-24'),
(122, 'PJL/20190724/01', 'AlBC10ML', 2019, 4680, 15, 'Botol', 70200, '2019-07-24'),
(123, 'PJL/20190724/02', 'VitC-500G', 2019, 3000, 5, 'Strip', 15000, '2019-07-24'),
(124, 'PJL/20190724/03', 'GPU60ML', 2019, 15360, 10, 'Botol', 153600, '2019-07-24'),
(125, 'PJL/20190724/03', 'CMDN200MG', 2019, 336, 10, 'Tablet', 3360, '2019-07-24'),
(126, 'PJL/20190724/03', 'ALKHL70ML', 2019, 5760, 10, 'Botol', 57600, '2019-07-24'),
(127, 'PJL/20190724/03', 'AlBC10ML', 2019, 4680, 10, 'Botol', 46800, '2019-07-24'),
(128, 'PJL/20190727/01', 'AlBC10ML', 2019, 4680, 10, 'Botol', 46800, '2019-07-27'),
(129, 'PJL/20190727/01', 'ALKHL70ML', 2019, 5760, 10, 'Botol', 57600, '2019-07-27'),
(130, 'PJL/20190727/01', 'CMDN200MG', 2019, 336, 10, 'Tablet', 3360, '2019-07-27'),
(131, 'PJL/20190727/01', 'GPU60ML', 2019, 15360, 10, 'Botol', 153600, '2019-07-27'),
(132, 'PJL/20190727/01', 'VitC-500G', 2019, 3000, 10, 'Strip', 30000, '2019-07-27'),
(133, 'PJL/20190801/01', 'VitC-500G', 2019, 3000, 7, 'Strip', 21000, '2019-08-01'),
(134, 'PJL/20190801/01', 'AlBC10ML', 2019, 4680, 1, 'Botol', 4680, '2019-08-01'),
(135, 'PJL/20190801/02', 'VitC-500G', 2019, 3000, 10, 'Strip', 30000, '2019-08-01'),
(136, 'PJL/20190801/03', 'VitC-500G', 2019, 3000, 20, 'Strip', 60000, '2019-08-01'),
(137, 'PJL/20190801/04', 'VitC-500G', 2019, 3000, 15, 'Strip', 45000, '2019-08-01'),
(138, 'PJL/20190801/05', 'CMDN200MG', 2019, 336, 15, 'Tablet', 5040, '2019-08-01'),
(139, 'PJL/20190801/05', 'AlBC10ML', 2019, 4680, 9, 'Botol', 42120, '2019-08-01'),
(140, 'PJL/20190801/05', 'VitC-500G', 2019, 3000, 5, 'Strip', 15000, '2019-08-01'),
(141, 'PJL/20190807/01', 'VitC-500G', 2019, 3000, 30, 'Strip', 90000, '2019-08-07'),
(142, 'PJL/20190807/02', 'VitC-500G', 2019, 3000, 20, 'Strip', 60000, '2019-08-07'),
(143, 'PJL/20190818/01', 'AlBC10ML', 2019, 4680, 15, 'Botol', 70200, '2019-08-18'),
(144, 'PJL/20190818/02', 'VitC-500G', 2019, 3000, 5, 'Strip', 15000, '2019-08-18'),
(145, 'PJL/20190818/03', 'VitC-500G', 2019, 3000, 5, 'Strip', 15000, '2019-08-18'),
(146, 'PJL/20190818/04', 'CMDN200MG', 2019, 336, 15, 'Tablet', 5040, '2019-08-18'),
(147, 'PJL/20190825/01', 'VitC-500G', 2019, 3000, 10, 'Strip', 30000, '2019-08-25'),
(148, 'PJL/20190825/02', 'CMDN200MG', 2019, 336, 30, 'Tablet', 10080, '2019-08-25'),
(149, 'PJL/20190825/02', 'AlBC10ML', 2019, 4680, 5, 'Botol', 23400, '2019-08-25'),
(150, 'PJL/20190825/03', 'VitC-500G', 2019, 3000, 6, 'Strip', 18000, '2019-08-25'),
(151, 'PJL/20190825/03', 'CMDN200MG', 2019, 336, 7, 'Tablet', 2352, '2019-08-25'),
(152, 'PJL/20190825/03', 'AlBC10ML', 2019, 4680, 10, 'Botol', 46800, '2019-08-25'),
(153, 'PJL/20190825/04', 'VitC-500G', 2019, 3000, 4, 'Strip', 12000, '2019-08-25'),
(154, 'PJL/20190825/04', 'CMDN200MG', 2019, 336, 8, 'Tablet', 2688, '2019-08-25'),
(155, 'PJL/20190825/04', 'AlBC10ML', 2019, 4680, 10, 'Botol', 46800, '2019-08-25'),
(156, 'PJL/20190902/01', 'VitC-500G', 2019, 3000, 5, 'Strip', 15000, '2019-09-02'),
(157, 'PJL/20190902/02', 'VitC-500G', 2019, 3000, 10, 'Strip', 30000, '2019-09-02'),
(158, 'PJL/20190902/02', 'AlBC10ML', 2019, 4680, 5, 'Botol', 23400, '2019-09-02'),
(159, 'PJL/20190902/02', 'CMDN200MG', 2019, 336, 20, 'Tablet', 6720, '2019-09-02'),
(160, 'PJL/20190902/03', 'VitC-500G', 2019, 3000, 3, 'Strip', 9000, '2019-09-02'),
(161, 'PJL/20190902/03', 'GPU60ML', 2019, 15360, 2, 'Botol', 30720, '2019-09-02'),
(162, 'PJL/20190902/04', 'VitC-500G', 2019, 3000, 7, 'Strip', 21000, '2019-09-02'),
(163, 'PJL/20190904/01', 'VitC-500G', 2019, 3000, 3, 'Strip', 9000, '2019-09-04'),
(164, 'PJL/20190904/01', 'CMDN200MG', 2019, 336, 10, 'Tablet', 3360, '2019-09-04'),
(165, 'PJL/20190904/02', 'VitC-500G', 2019, 3000, 7, 'Strip', 21000, '2019-09-04'),
(166, 'PJL/20190904/03', 'AlBC10ML', 2019, 4680, 5, 'Botol', 23400, '2019-09-04'),
(167, 'PJL/20190904/04', 'VitC-500G', 2019, 3000, 10, 'Strip', 30000, '2019-09-06'),
(168, 'PJL/20190906/01', 'VitC-500G', 2019, 3000, 5, 'Strip', 15000, '2019-09-06'),
(169, 'PJL/20190906/01', 'GPU60ML', 2019, 15360, 8, 'Botol', 122880, '2019-09-06'),
(170, 'PJL/20190906/02', 'VitC-500G', 2019, 3000, 15, 'Strip', 45000, '2019-09-06'),
(171, 'PJL/20190906/03', 'AlBC10ML', 2019, 4680, 2, 'Botol', 9360, '2019-09-11'),
(172, 'PJL/20190911/01', 'VitC-500G', 2019, 3000, 20, 'Strip', 60000, '2019-09-11'),
(173, 'PJL/20190915/01', 'VitC-500G', 2019, 3000, 7, 'Strip', 21000, '2019-09-15'),
(174, 'PJL/20190915/01', 'GPU60ML', 2019, 15360, 2, 'Botol', 30720, '2019-09-15'),
(175, 'PJL/20190915/02', 'VitC-500G', 2019, 3000, 3, 'Strip', 9000, '2019-09-15'),
(176, 'PJL/20190915/03', 'VitC-500G', 2019, 3000, 5, 'Strip', 15000, '2019-09-15'),
(177, 'PJL/20190917/01', 'VitC-500G', 2019, 3000, 5, 'Strip', 15000, '2019-09-17'),
(178, 'PJL/20190917/02', 'VitC-500G', 2019, 3000, 3, 'Strip', 9000, '2019-09-17'),
(179, 'PJL/20190917/02', 'GPU60ML', 2019, 15360, 2, 'Botol', 30720, '2019-09-17'),
(180, 'PJL/20190917/03', 'VitC-500G', 2019, 3000, 2, 'Strip', 6000, '2019-09-17'),
(181, 'PJL/20190917/04', 'VitC-500G', 2019, 3000, 5, 'Strip', 15000, '2019-09-17'),
(182, 'PJL/20190922/01', 'VitC-500G', 2019, 3000, 5, 'Strip', 15000, '2019-09-22'),
(183, 'PJL/20190926/01', 'VitC-500G', 2019, 3000, 5, 'Strip', 15000, '2019-09-26'),
(184, 'PJL/20190926/02', 'AlBC10ML', 2019, 4680, 8, 'Botol', 37440, '2019-09-26'),
(185, 'PJL/20190926/03', 'GPU60ML', 2019, 15360, 5, 'Botol', 76800, '2019-09-26'),
(186, 'PJL/20190926/04', 'VitC-500G', 2019, 3000, 5, 'Strip', 15000, '2019-09-29'),
(187, 'PJL/20190926/04', 'GPU60ML', 2019, 15360, 1, 'Botol', 15360, '2019-09-29'),
(188, 'PJL/20190929/01', 'VitC-500G', 2019, 3000, 5, 'Strip', 15000, '2019-09-29'),
(189, 'PJL/20190929/01', 'GPU60ML', 2019, 15360, 5, 'Botol', 76800, '2019-09-29'),
(190, 'PJL/20190929/02', 'AlBC10ML', 2019, 4680, 30, 'Botol', 140400, '2019-09-29'),
(191, 'PJL/20190929/03', 'GPU60ML', 2019, 15360, 5, 'Botol', 76800, '2019-09-29'),
(192, 'PJL/20190929/04', 'GPU60ML', 2019, 15360, 20, 'Botol', 307200, '2019-09-29'),
(193, 'PJL/20190929/05', 'CMDN200MG', 2019, 336, 20, 'Tablet', 6720, '2019-09-29'),
(194, 'PJL/20191002/01', 'VitC-500G', 2019, 3000, 7, 'Strip', 21000, '2019-10-02'),
(195, 'PJL/20191002/02', 'VitC-500G', 2019, 3000, 10, 'Strip', 30000, '2019-10-02'),
(196, 'PJL/20191002/03', 'VitC-500G', 2019, 3000, 5, 'Strip', 15000, '2019-10-02'),
(197, 'PJL/20191002/04', 'VitC-500G', 2019, 3000, 5, 'Strip', 15000, '2019-10-02'),
(198, 'PJL/20191002/04', 'GPU60ML', 2020, 15360, 10, 'Botol', 153600, '2019-10-02'),
(199, 'PJL/20191002/05', 'VitC-500G', 2019, 3000, 10, 'Strip', 30000, '2019-10-02'),
(200, 'PJL/20191002/05', 'VitC-500G', 2019, 3000, 1, 'Strip', 3000, '2019-10-02'),
(201, 'PJL/20191009/01', 'VitC-500G', 2019, 3000, 9, 'Strip', 27000, '2019-10-09'),
(202, 'PJL/20191019/01', 'VitC-500G', 2019, 3000, 10, 'Strip', 30000, '2019-10-19'),
(203, 'PJL/20191102/01', 'VitC-500G', 2019, 3000, 3, 'Strip', 9000, '2019-11-02'),
(204, 'PJL/20191102/01', 'GPU60ML', 2020, 15360, 1, 'Botol', 15360, '2019-11-02'),
(205, 'PJL/20191102/02', 'VitC-500G', 2019, 3000, 5, 'Strip', 15000, '2019-11-02'),
(206, 'PJL/20191102/03', 'VitC-500G', 2019, 3000, 35, 'Strip', 105000, '2019-11-02'),
(207, 'PJL/20191102/04', 'GPU60ML', 2020, 15360, 9, 'Botol', 138240, '2019-11-02'),
(208, 'PJL/20191202/01', 'VitC-500G', 2020, 3000, 30, 'Strip', 90000, '2019-12-02'),
(209, 'PJL/20191202/02', 'VitC-500G', 2020, 3000, 45, 'Strip', 135000, '2019-12-02'),
(210, 'PJL/20191202/03', 'VitC-500G', 2020, 3000, 65, 'Strip', 195000, '2019-12-02'),
(211, 'PJL/20191202/04', 'AlBC10ML', 2020, 4680, 50, 'Botol', 234000, '2019-12-02'),
(212, 'PJL/20191202/05', 'CMDN200MG', 2020, 336, 300, 'Tablet', 100800, '2019-12-02'),
(213, 'PJL/20191202/06', 'GPU60ML', 2020, 15360, 15, 'Botol', 230400, '2019-12-02'),
(214, 'PJL/20191126/01', 'VitC-500G', 2020, 3000, 10, 'Strip', 30000, '2019-11-26'),
(215, 'PJL/20191126/02', 'VitC-500G', 2020, 3000, 26, 'Strip', 78000, '2019-11-26'),
(216, 'PJL/20191126/03', 'VitC-500G', 2020, 3000, 15, 'Strip', 45000, '2019-11-26'),
(217, 'PJL/20191126/04', 'VitC-500G', 2020, 3000, 5, 'Strip', 15000, '2019-11-26'),
(218, 'PJL/20191126/05', 'VitC-500G', 2020, 3000, 20, 'Strip', 60000, '2019-11-26'),
(219, 'PJL/20191126/06', 'VitC-500G', 2020, 3000, 34, 'Strip', 60000, '2019-11-26'),
(220, 'PJL/20200102/01', 'VitC-500G', 2020, 3000, 120, 'Strip', 360000, '2020-01-02'),
(221, 'PJL/20200206/01', 'VitC-500G', 2020, 3000, 97, 'Strip', 291000, '2020-02-06'),
(222, 'PJL/20200313/01', 'VitC-500G', 2020, 3000, 83, 'Strip', 249000, '2020-03-13'),
(224, 'PJL/20200410/01', 'VitC-500G', 2020, 3000, 130, 'Strip', 390000, '2020-04-10'),
(225, 'PJL/20200512/01', 'VitC-500G', 2020, 3000, 172, 'Strip', 516000, '2020-05-12'),
(226, 'PJL/20200614/01', 'VitC-500G', 2020, 3000, 113, 'Strip', 339000, '2020-06-14'),
(227, 'PJL/20200714/01', 'VitC-500G', 2020, 3000, 159, 'Strip', 477000, '2020-07-14'),
(228, 'PJL/20200814/01', 'VitC-500G', 2020, 3000, 159, 'Strip', 477000, '2020-08-14'),
(229, 'PJL/20200914/01', 'VitC-500G', 2020, 3000, 112, 'Strip', 336000, '2020-09-14'),
(230, 'PJL/20200914/02', 'VitC-500G', 2021, 3000, 21, 'Strip', 141000, '2020-09-14'),
(231, 'PJL/20201015/01', 'VitC-500G', 2021, 3000, 138, 'Strip', 414000, '2020-10-15'),
(232, 'PJL/20201117/01', 'VitC-500G', 2021, 3000, 150, 'Strip', 450000, '2020-11-17'),
(233, 'PJL/20201217/01', 'VitC-500G', 2021, 3000, 134, 'Strip', 402000, '2020-12-17'),
(234, 'PJL/20210109/01', 'VitC-500G', 2021, 3000, 31, 'Strip', 93000, '2021-01-09'),
(235, 'PJL/20210109/02', 'VitC-500G', 2021, 3000, 8, 'Strip', 24000, '2021-01-09'),
(236, 'PJL/20210109/03', 'VitC-500G', 2021, 3000, 6, 'Strip', 18000, '2021-01-09'),
(237, 'PJL/20210109/04', 'VitC-500G', 2021, 3000, 15, 'Strip', 45000, '2021-01-09'),
(238, 'PJL/20210119/01', 'VitC-500G', 2021, 3000, 10, 'Strip', 30000, '2021-01-19'),
(239, 'PJL/20210119/02', 'VitC-500G', 2021, 3000, 10, 'Strip', 30000, '2021-01-19'),
(240, 'PJL/20210119/03', 'VitC-500G', 2021, 3000, 30, 'Strip', 90000, '2021-01-19'),
(241, 'PJL/20210119/04', 'AlBC10ML', 2021, 4680, 15, 'Botol', 70200, '2021-01-19'),
(242, 'PJL/20210119/04', 'ALKHL70ML', 2021, 5760, 5, 'Botol', 28800, '2021-01-19'),
(243, 'PJL/20210119/04', 'GPU60ML', 2022, 15360, 11, 'Botol', 168960, '2021-01-19'),
(244, 'PJL/20210219/01', 'VitC-500G', 2021, 3000, 22, 'Strip', 66000, '2021-02-19'),
(245, 'PJL/20210219/01', 'CMDN200MG', 2021, 336, 10, 'Tablet', 3360, '2021-02-19'),
(246, 'PJL/20210219/02', 'VitC-500G', 2021, 3000, 50, 'Strip', 150000, '2021-02-19'),
(247, 'PJL/20210219/03', 'VitC-500G', 2021, 3000, 100, 'Strip', 300000, '2021-02-19'),
(248, 'PJL/20210319/01', 'VitC-500G', 2021, 3000, 134, 'Strip', 402000, '2021-03-19'),
(249, 'PJL/20210404/01', 'VitC-500G', 2021, 3000, 79, 'Strip', 237000, '2021-04-04'),
(250, 'PJL/20210404/02', 'VitC-500G', 2021, 3000, 88, 'Strip', 264000, '2021-04-04'),
(251, 'PJL/20210405/01', 'GPU60ML', 2022, 15360, 1, 'Botol', 15360, '2021-04-05');

-- --------------------------------------------------------

--
-- Table structure for table `user`
--

CREATE TABLE `user` (
  `user_id` int(11) NOT NULL,
  `username` varchar(30) NOT NULL,
  `password` varchar(50) NOT NULL,
  `nama_peg` varchar(50) NOT NULL,
  `alamat_peg` text NOT NULL,
  `hp_peg` varchar(13) NOT NULL,
  `jk_peg` varchar(10) NOT NULL DEFAULT '',
  `lhr_peg` date NOT NULL,
  `foto_peg` varchar(50) NOT NULL,
  `level` varchar(20) NOT NULL COMMENT '1. Admin 2.Manager 3. Apoteker 4. Kasir ',
  `email` varchar(25) NOT NULL
) ENGINE=InnoDB DEFAULT CHARSET=utf8mb4;

--
-- Dumping data for table `user`
--

INSERT INTO `user` (`user_id`, `username`, `password`, `nama_peg`, `alamat_peg`, `hp_peg`, `jk_peg`, `lhr_peg`, `foto_peg`, `level`, `email`) VALUES
(1, 'admin', '21232f297a57a5a743894a0e4a801fc3', 'Wiranti Anggraini, S.Farm., Apt', 'LK.III No.5 RT.006 Kelurahan Indralaya Mulya, Kecamatan Indralaya Kabupaten Ogan Ilir', '087796418116', '2', '1995-01-01', 'picture.jpg', '1', 'wiranti99@gmail.com'),
(2, 'tasya', 'a98d6c3f06afa3746bd02e4ba7b2807d', 'Tasya Aulia S.Farm', 'Indralaya, Mutiara Indah 2 Kelurahan Timbangan, Indralaya Utara', '082764783853', '2', '1996-12-23', 'picture.jpg', '2', 'tasya@gmail.com'),
(4, 'wahyu', '32c9e71e866ecdbc93e497482aa6779f', 'Wahyudi', 'Indralaya', '081242564645', '1', '2020-12-18', '0001.jpg', '3', 'robetfauzi43@gmail.com');

--
-- Indexes for dumped tables
--

--
-- Indexes for table `dataobat`
--
ALTER TABLE `dataobat`
  ADD PRIMARY KEY (`obat_id`),
  ADD KEY `bentuk_id` (`bentuk_id`),
  ADD KEY `category_id` (`category_id`),
  ADD KEY `unit_id` (`unit_id`);

--
-- Indexes for table `m_bentuk`
--
ALTER TABLE `m_bentuk`
  ADD PRIMARY KEY (`bentuk_id`);

--
-- Indexes for table `m_category`
--
ALTER TABLE `m_category`
  ADD PRIMARY KEY (`category_id`);

--
-- Indexes for table `m_unit`
--
ALTER TABLE `m_unit`
  ADD PRIMARY KEY (`unit_id`);

--
-- Indexes for table `peramalan`
--
ALTER TABLE `peramalan`
  ADD PRIMARY KEY (`id_peramalan`);

--
-- Indexes for table `stokexpobat`
--
ALTER TABLE `stokexpobat`
  ADD PRIMARY KEY (`no_stok`);

--
-- Indexes for table `supplier`
--
ALTER TABLE `supplier`
  ADD PRIMARY KEY (`supplier_id`);

--
-- Indexes for table `tbl_pembelian`
--
ALTER TABLE `tbl_pembelian`
  ADD PRIMARY KEY (`no_faktur`),
  ADD KEY `user_id` (`user_id`);

--
-- Indexes for table `tbl_pembeliandetail`
--
ALTER TABLE `tbl_pembeliandetail`
  ADD PRIMARY KEY (`no_id`),
  ADD KEY `no_faktur` (`no_faktur`),
  ADD KEY `no_faktur_2` (`no_faktur`),
  ADD KEY `kd_obat` (`kd_obat`);

--
-- Indexes for table `tbl_penjualan`
--
ALTER TABLE `tbl_penjualan`
  ADD PRIMARY KEY (`no_penjualan`),
  ADD KEY `user_id` (`user_id`);

--
-- Indexes for table `tbl_penjualandetail`
--
ALTER TABLE `tbl_penjualandetail`
  ADD PRIMARY KEY (`no`),
  ADD KEY `no_penjualan` (`no_penjualan`);

--
-- Indexes for table `user`
--
ALTER TABLE `user`
  ADD PRIMARY KEY (`user_id`,`username`);

--
-- AUTO_INCREMENT for dumped tables
--

--
-- AUTO_INCREMENT for table `dataobat`
--
ALTER TABLE `dataobat`
  MODIFY `obat_id` int(11) NOT NULL AUTO_INCREMENT, AUTO_INCREMENT=15;

--
-- AUTO_INCREMENT for table `m_bentuk`
--
ALTER TABLE `m_bentuk`
  MODIFY `bentuk_id` int(11) NOT NULL AUTO_INCREMENT, AUTO_INCREMENT=11;

--
-- AUTO_INCREMENT for table `m_category`
--
ALTER TABLE `m_category`
  MODIFY `category_id` int(11) NOT NULL AUTO_INCREMENT, AUTO_INCREMENT=11;

--
-- AUTO_INCREMENT for table `m_unit`
--
ALTER TABLE `m_unit`
  MODIFY `unit_id` int(11) NOT NULL AUTO_INCREMENT, AUTO_INCREMENT=9;

--
-- AUTO_INCREMENT for table `peramalan`
--
ALTER TABLE `peramalan`
  MODIFY `id_peramalan` int(11) NOT NULL AUTO_INCREMENT, AUTO_INCREMENT=7;

--
-- AUTO_INCREMENT for table `stokexpobat`
--
ALTER TABLE `stokexpobat`
  MODIFY `no_stok` int(11) NOT NULL AUTO_INCREMENT, AUTO_INCREMENT=68;

--
-- AUTO_INCREMENT for table `supplier`
--
ALTER TABLE `supplier`
  MODIFY `supplier_id` int(11) NOT NULL AUTO_INCREMENT, AUTO_INCREMENT=3;

--
-- AUTO_INCREMENT for table `tbl_pembeliandetail`
--
ALTER TABLE `tbl_pembeliandetail`
  MODIFY `no_id` int(11) NOT NULL AUTO_INCREMENT, AUTO_INCREMENT=57;

--
-- AUTO_INCREMENT for table `tbl_penjualandetail`
--
ALTER TABLE `tbl_penjualandetail`
  MODIFY `no` int(11) NOT NULL AUTO_INCREMENT, AUTO_INCREMENT=261;

--
-- AUTO_INCREMENT for table `user`
--
ALTER TABLE `user`
  MODIFY `user_id` int(11) NOT NULL AUTO_INCREMENT, AUTO_INCREMENT=5;

--
-- Constraints for dumped tables
--

--
-- Constraints for table `dataobat`
--
ALTER TABLE `dataobat`
  ADD CONSTRAINT `dataobat_ibfk_1` FOREIGN KEY (`bentuk_id`) REFERENCES `m_bentuk` (`bentuk_id`),
  ADD CONSTRAINT `dataobat_ibfk_2` FOREIGN KEY (`category_id`) REFERENCES `m_category` (`category_id`),
  ADD CONSTRAINT `dataobat_ibfk_3` FOREIGN KEY (`unit_id`) REFERENCES `m_unit` (`unit_id`);

--
-- Constraints for table `tbl_pembeliandetail`
--
ALTER TABLE `tbl_pembeliandetail`
  ADD CONSTRAINT `tbl_pembeliandetail_ibfk_1` FOREIGN KEY (`no_faktur`) REFERENCES `tbl_pembelian` (`no_faktur`) ON DELETE NO ACTION ON UPDATE NO ACTION;
COMMIT;

/*!40101 SET CHARACTER_SET_CLIENT=@OLD_CHARACTER_SET_CLIENT */;
/*!40101 SET CHARACTER_SET_RESULTS=@OLD_CHARACTER_SET_RESULTS */;
/*!40101 SET COLLATION_CONNECTION=@OLD_COLLATION_CONNECTION */;
